{
  "config": {
    "epochs": 5,
    "batch_size": 64,
    "latent_dim": 20,
    "learning_rate": 0.0003,
    "models": [
      "vae",
      "iwae",
      "focus_vae"
    ]
  },
  "device": "cuda",
  "models": {
    "vae": {
      "train_losses": [
        177.06087362130822,
        133.91637963170945,
        122.11486197432984,
        116.01262230456257,
        112.34258353227237
      ],
      "test_loss": 109.9037094116211,
      "final_train_loss": 112.34258353227237
    },
    "iwae": {
      "train_losses": [
        164.99333577267905,
        128.17406066699323,
        117.64284295771422,
        111.90105616360077,
        108.33900295493446
      ],
      "test_loss": 106.63272400874241,
      "final_train_loss": 108.33900295493446
    },
    "focus_vae": {
      "train_losses": [
        0.21798775926518288,
        0.14680793190371,
        0.14490377739357796,
        0.1442639645038129,
        0.14374564660351669
      ],
      "test_loss": 0.1334523826742628,
      "final_train_loss": 0.14374564660351669
    }
  },
  "plots": {
    "convergence": "experiments/plots/convergence_comparison.png"
  }
}